--USUARIOS

INSERT INTO tab_Usuarios (id_usuario, nom_usuario, correo, telefono, direccion, fecha_registro, medios_de_pago) VALUES

(1, 'Juan Pérez', 'juan.perez@example.com', '3001234567', 'Calle 123, Bogotá', '2024-01-10', 'Tarjeta de crédito'),
(2, 'Ana Gómez', 'ana.gomez@example.com', '3109876543', 'Carrera 45, Medellín', '2024-02-05', 'Paypal'),
(3, 'Carlos Ruiz', 'carlos.ruiz@example.com', '3155678901', 'Avenida 7, Cali', '2024-03-12', 'Efectivo'),
(4, 'María Torres', 'maria.torres@example.com', '3204567890', 'Calle 50, Barranquilla', '2024-01-20', 'Tarjeta de débito'),
(5, 'Luis Fernández', 'luis.fernandez@example.com', '3012345678', 'Carrera 12, Cartagena', '2024-02-15', 'Nequi'),
(6, 'Daniela Castro', 'daniela.castro@example.com', '3123456789', 'Calle 89, Bucaramanga', '2024-03-02', 'Daviplata'),
(7, 'Pedro Ramírez', 'pedro.ramirez@example.com', '3009876543', 'Avenida 10, Manizales', '2024-01-28', 'Efectivo'),
(8, 'Camila López', 'camila.lopez@example.com', '3198765432', 'Carrera 33, Pereira', '2024-02-10', 'Paypal'),
(9, 'Andrés Martínez', 'andres.martinez@example.com', '3102345678', 'Calle 75, Cúcuta', '2024-03-05', 'Tarjeta de crédito'),
(10, 'Sofía Ríos', 'sofia.rios@example.com', '3007654321', 'Avenida 5, Ibagué', '2024-01-18', 'Daviplata'),
(11, 'Javier Ortega', 'javier.ortega@example.com', '3223456789', 'Carrera 22, Neiva', '2024-02-25', 'Nequi'),
(12, 'Laura Moreno', 'laura.moreno@example.com', '3215678901', 'Calle 11, Villavicencio', '2024-03-08', 'Tarjeta de débito'),
(13, 'Fernando Salazar', 'fernando.salazar@example.com', '3134567890', 'Avenida 99, Pasto', '2024-01-12', 'Efectivo'),
(14, 'Paola Méndez', 'paola.mendez@example.com', '3176543210', 'Carrera 56, Montería', '2024-02-28', 'Paypal'),
(15, 'Héctor Velásquez', 'hector.velasquez@example.com', '3006789012', 'Calle 32, Tunja', '2024-03-15', 'Nequi'),
(16, 'Verónica Acosta', 'veronica.acosta@example.com', '3107890123', 'Avenida 14, Popayán', '2024-01-22', 'Daviplata'),
(17, 'Diego Espinosa', 'diego.espinosa@example.com', '3208901234', 'Carrera 78, Armenia', '2024-02-18', 'Efectivo'),
(18, 'Natalia Herrera', 'natalia.herrera@example.com', '3129012345', 'Calle 65, Santa Marta', '2024-03-25', 'Tarjeta de crédito'),
(19, 'Ricardo Pineda', 'ricardo.pineda@example.com', '3010123456', 'Avenida 47, Quibdó', '2024-01-30', 'Nequi'),
(20, 'Carolina Figueroa', 'carolina.figueroa@example.com', '3191234567', 'Carrera 29, Sincelejo', '2024-02-12', 'Paypal'),
(21, 'Samuel Rojas', 'samuel.rojas@example.com', '3212345678', 'Calle 98, Valledupar', '2024-03-14', 'Daviplata'),
(22, 'Valeria Guzmán', 'valeria.guzman@example.com', '3223456789', 'Avenida 17, Florencia', '2024-01-16', 'Efectivo'),
(23, 'Jorge Quintero', 'jorge.quintero@example.com', '3004567890', 'Carrera 88, Riohacha', '2024-02-09', 'Tarjeta de débito'),
(24, 'Silvia Barrera', 'silvia.barrera@example.com', '3105678901', 'Calle 21, San Andrés', '2024-03-07', 'Paypal'),
(25, 'Emilio Vargas', 'emilio.vargas@example.com', '3206789012', 'Avenida 64, Mitú', '2024-01-25', 'Nequi'),
(26, 'Tatiana Mendoza', 'tatiana.mendoza@example.com', '3127890123', 'Carrera 34, Leticia', '2024-02-03', 'Daviplata'),
(27, 'José Ángel', 'jose.angel@example.com', '3018901234', 'Calle 12, Inírida', '2024-03-11', 'Efectivo'),
(28, 'Gabriela León', 'gabriela.leon@example.com', '3199012345', 'Avenida 56, Puerto Carreño', '2024-01-08', 'Tarjeta de crédito'),
(29, 'Oscar Serrano', 'oscar.serrano@example.com', '3210123456', 'Carrera 11, Yopal', '2024-02-20', 'Nequi'),
(30, 'Cinthia Bravo', 'cinthia.bravo@example.com', '3221234567', 'Calle 40, Arauca', '2024-03-18', 'Paypal'),
(31, 'Andrés Castro', 'andres.castro@example.com', '3002345678', 'Avenida 19, Ciénaga', '2024-01-14', 'Tarjeta de débito'),
(32, 'Luisa Fernández', 'luisa.fernandez@example.com', '3103456789', 'Carrera 67, Turbo', '2024-02-08', 'Efectivo'),
(33, 'Mateo Salinas', 'mateo.salinas@example.com', '3204567890', 'Calle 90, Ipiales', '2024-03-22', 'Paypal'),
(34, 'Esteban Duarte', 'esteban.duarte@example.com', '3125678901', 'Avenida 23, Buenaventura', '2024-01-05', 'Nequi'),
(35, 'Angela Ruiz', 'angela.ruiz@example.com', '3016789012', 'Carrera 49, Tumaco', '2024-02-14', 'Daviplata');


-- CATEGORIAS

INSERT INTO tab_Categoria (id_categoria, nom_categoria) VALUES

(1, 'Relojes de Pulsera'),
(2, 'Smartwatches'),
(3, 'Relojes de Bolsillo'),
(4, 'Relojes de Pared'),
(5, 'Correas para Relojes'),
(6, 'Baterías para Relojes'),
(7, 'Movimientos y Mecanismos'),
(8, 'Cristales para Relojes'),
(9, 'Herramientas de Reparación');

-- SUBCATEGORIAS

INSERT INTO tab_Subcategorias (id_categoria, id_subcategorias, nombre_subcategoria) VALUES
-- Relojes de Pulsera
(1, 1, 'Análogos'),
(1, 2, 'Digitales'),
(1, 3, 'Automáticos'),
(1, 4, 'Híbridos'),

-- Smartwatches (agregadas 2 subcategorías nuevas)
(2, 1, 'Deportivos'),
(2, 2, 'Clásicos'),
(2, 3, 'Con Llamadas'),
(2, 4, 'Con Monitor de Salud'),
(2, 5, 'Rugerizados'),
(2, 6, 'Para Niños'),

-- Relojes de Bolsillo
(3, 1, 'Vintage'),
(3, 2, 'Modernos'),

-- Relojes de pared
(4, 1, 'Relojes de Pared Modernos'),
(4, 2, 'Relojes de Pared Vintage'),
(4, 3, 'Relojes de Pared Minimalistas'),

-- Correas para Relojes
(5, 1, 'Cuero'),
(5, 2, 'Silicona'),
(5, 3, 'Acero Inoxidable'),

-- Baterías para Relojes
(6, 1, 'Litio'),
(6, 2, 'Botón'),

-- Movimientos y Mecanismos
(7, 1, 'Mecánicos'),
(7, 2, 'Automáticos'),

-- Cristales para Relojes
(8, 1, 'Mineral'),
(8, 2, 'Zafiro'),

-- Herramientas de Reparación
(9, 1, 'Abridores de Caja'),
(9, 2, 'Prensas para Cristales');



-- MARCA

INSERT INTO tab_Marca (id_marca, nom_marca) VALUES 

(1, 'Rolex'),
(2, 'Omega'),
(3, 'Casio'),
(4, 'Vacheron Constantin'),
(5, 'Tag Heuer'),
(6, 'Tissot'),
(7, 'Citizen'),
(8, 'Bulova'),
(9, 'Hamilton'),
(10, 'Longines'),
(11, 'Orient'),
(12, 'Fossil'),
(13, 'Timex'),
(14, 'Garmin'),
(15, 'Samsung'),
(16, 'Apple'),
(17, 'Suunto'),
(18, 'G-Shock'),
(19, 'Victorinox'),
(20, 'Montblanc');

-- PROVEEDOR

INSERT INTO tab_Proveedor (id_proveedor, nom_proveedor, tipo_documento, numero_documento, telefono, correo, direccion) VALUES

(1, 'Distribuidora Rolex', 'NIT', '900123456', '3112233445', 'contacto@rolexdistribuidores.com', 'Calle 45 #10-23, Bogotá, Colombia'),
(2, 'Omega Importaciones', 'NIT', '900654321', '3109988776', 'ventas@omegaimport.com', 'Av. Principal #34-78, Medellín, Colombia'),
(3, 'Casio Distribución', 'NIT', '901234567', '3207766554', 'info@casiodistribucion.com', 'Carrera 15 #8-56, Cali, Colombia'),
(4, 'Vacheron Constantin Group', 'NIT', '902345678', '3156677889', 'contacto@seikolatam.com', 'Calle 12 #5-67, Bucaramanga, Colombia'),
(5, 'Tag Heuer Partners', 'NIT', '903456789', '3129988775', 'ventas@tagheuerpartners.com', 'Av. El Dorado #25-50, Bogotá, Colombia'),
(6, 'Tissot Distribuidores', 'NIT', '904567890', '3142233446', 'contacto@tissotdist.com', 'Calle 100 #22-35, Bucaramanga, Colombia'),
(7, 'Citizen Repuestos', 'NIT', '905678901', '3195566778', 'ventas@citizenrepuestos.com', 'Cra 7 #20-10, Cartagena, Colombia'),
(8, 'Bulova Mayoristas', 'NIT', '906789012', '3114455667', 'info@bulovamayoristas.com', 'Av. Caracas #67-89, Bogotá, Colombia'),
(9, 'Hamilton Colombia', 'NIT', '907890123', '3103344556', 'contacto@hamiltoncolombia.com', 'Cra 50 #12-34, Medellín, Colombia'),
(10, 'Longines Proveedores', 'NIT', '908901234', '3186677889', 'ventas@longinesprov.com', 'Calle 75 #19-45, Cali, Colombia');

--  PROMOCIONES

INSERT INTO tab_Promociones (id_promocion, descripcion, descuento, fecha_inicio, fecha_fin) VALUES

(1, 'Descuento de aniversario: 15% en todos los relojes de pulsera', 15.00, '2025-03-01', '2025-03-15'),
(2, 'Semana del smartwatch: 20% en smartwatches seleccionados', 20.00, '2025-04-10', '2025-04-18'),
(3, 'Promoción relojes de bolsillo: 10% de descuento', 10.00, '2025-05-05', '2025-05-15'),
(4, 'Compra un reloj de pared y obtén un 5% de descuento en accesorios', 5.00, '2025-06-01', '2025-06-11'),
(5, 'Black Friday: 30% de descuento en toda la tienda', 30.00, '2025-11-25', '2025-11-25'),
(6, 'Descuento en correas: 12% en correas de cuero', 12.00, '2025-07-15', '2025-07-25'),
(7, 'Baterías para relojes con 8% de descuento', 8.00, '2025-08-01', '2025-08-05'),
(8, 'Pack herramientas de reparación con 18% de descuento', 18.00, '2025-09-10', '2025-09-20'),
(9, 'Cyber Monday: 25% en relojes de lujo seleccionados', 25.00, '2025-12-01', '2025-12-01'),
(10, 'Promoción de bienvenida: 10% en la primera compra', 10.00, '2025-03-01', '2025-12-31');

--  SERVICIOS

INSERT INTO tab_Servicios (id_servicio, nom_servicio, descripcion, precio_servicio) VALUES 

(1, 'Cambio de batería', 'Sustitución de batería para relojes de cuarzo y digitales.', 5.99),
(2, 'Ajuste de correa', 'Ajuste y personalización de correas de metal, cuero y silicona.', 4.50),
(3, 'Cambio de cristal', 'Reemplazo de cristal dañado por uno nuevo y resistente.', 12.99),
(4, 'Limpieza y mantenimiento', 'Limpieza interna y externa del reloj para mejorar su funcionamiento.', 15.00),
(5, 'Reparación de mecanismos', 'Revisión y reparación de movimientos mecánicos y automáticos.', 29.99),
(6, 'Pulido de caja y correa', 'Eliminación de arañazos y pulido para recuperar el brillo original.', 10.50),
(7, 'Prueba de hermeticidad', 'Verificación de resistencia al agua y sellado adecuado.', 8.00),
(8, 'Restauración de relojes antiguos', 'Servicio especializado para restaurar relojes clásicos.', 50.00),
(9, 'Cambio de agujas', 'Sustitución de agujas deterioradas o personalización del diseño.', 7.99),
(10, 'Revisión general', 'Diagnóstico completo del reloj para detectar fallas o desgaste.', 30.50);

--  EMPLEADOS

INSERT INTO tab_Empleados (id_empleado, num_documento, nom_empleado, correo, telefono, fecha_contratacion) VALUES

(1, '1002345678', 'Carlos Gómez', 'carlos.gomez@relojeria.com', '3124567890', '2022-05-15'),
(2, '1009876543', 'María Pérez', 'maria.perez@relojeria.com', '3156789012', '2021-11-20'),
(3, '1014567890', 'Andrés López', 'andres.lopez@relojeria.com', '3102345678', '2023-01-10'),
(4, '1023456789', 'Luisa Fernández', 'luisa.fernandez@relojeria.com', '3229876543', '2020-08-05'),
(5, '1034567890', 'Javier Martínez', 'javier.martinez@relojeria.com', '3007654321', '2019-06-12'),
(6, '1045678901', 'Sofía Ramírez', 'sofia.ramirez@relojeria.com', '3186543210', '2021-09-30'),
(7, '1056789012', 'David Torres', 'david.torres@relojeria.com', '3019876543', '2022-12-18'),
(8, '1067890123', 'Ana Castillo', 'ana.castillo@relojeria.com', '3198765432', '2023-03-07'),
(9, '1078901234', 'Fernando Ríos', 'fernando.rios@relojeria.com', '3207654321', '2018-04-22'),
(10, '1089012345', 'Paula García', 'paula.garcia@relojeria.com', '3123456789', '2020-07-15');

--  PRODUCTOS

INSERT INTO tab_Productos (id_producto, id_marca, nombre_producto, precio, id_categoria, id_subcategorias, stock, url_imagen) VALUES

-- Relojes de Pulsera
(1, 1, 'Rolex Submariner', 12000.00, 1, 1, 5, 'img/rolex_submariner.jpg'),
(2, 2, 'Omega Speedmaster', 8000.00, 1, 3, 4, 'img/omega_speedmaster.jpg'),
(3, 3, 'Casio Edifice', 300.00, 1, 2, 12, 'img/casio_edifice.jpg'),
(4, 4, 'Vacheron Constantin Patrimony', 25000.00, 1, 4, 2, 'img/vacheron_patrimony.jpg'),
(5, 5, 'Tag Heuer Carrera', 5000.00, 1, 1, 6, 'img/tag_carrera.jpg'),
(6, 6, 'Tissot PRX', 650.00, 1, 2, 8, 'img/tissot_prx.jpg'),
(7, 7, 'Citizen Eco-Drive', 350.00, 1, 3, 10, 'img/citizen_ecodrive.jpg'),
(8, 8, 'Bulova Marine Star', 450.00, 1, 1, 9, 'img/bulova_marinestar.jpg'),
(9, 9, 'Hamilton Khaki Field', 600.00, 1, 4, 7, 'img/hamilton_khaki.jpg'),
(10, 10, 'Longines Hydroconquest', 1200.00, 1, 3, 5, 'img/longines_hydro.jpg'),

-- Smartwatches
(11, 14, 'Garmin Fenix 7X', 750.00, 2, 5, 6, 'img/garmin_fenix7x.jpg'),
(12, 15, 'Samsung Galaxy Watch 6', 450.00, 2, 3, 8, 'img/galaxy_watch6.jpg'),
(13, 16, 'Apple Watch Ultra', 850.00, 2, 4, 4, 'img/apple_watch_ultra.jpg'),
(14, 17, 'Suunto 9 Peak', 500.00, 2, 5, 7, 'img/suunto_9peak.jpg'),
(15, 3, 'Casio G-Shock Rangeman', 300.00, 2, 2, 12, 'img/gshock_rangeman.jpg'),

-- Relojes de Bolsillo
(16, 6, 'Tissot Savonnette', 400.00, 3, 1, 5, 'img/tissot_savonnette.jpg'),
(17, 19, 'Victorinox Pocket Watch', 250.00, 3, 1, 7, 'img/victorinox_pocket.jpg'),

-- Relojes de Pared
(18, 12, 'Fossil Reloj de Pared Vintage', 90.00, 4, 2, 15, 'img/fossil_pared.jpg'),
(19, 13, 'Timex Reloj de Pared Moderno', 50.00, 4, 1, 20, 'img/timex_pared.jpg'),

-- Correas para Relojes
(20, 4, 'Correa de cuero negro', 30.00, 5, 1, 20, 'img/correa_cuero_negro.jpg'),
(21, 5, 'Correa de silicona azul', 25.00, 5, 2, 25, 'img/correa_silicona_azul.jpg'),
(22, 6, 'Correa de acero inoxidable', 40.00, 5, 3, 18, 'img/correa_acero.jpg'),

-- Baterías para Relojes
(23, 7, 'Batería de Litio CR2032', 5.00, 6, 1, 50, 'img/bateria_litio.jpg'),
(24, 8, 'Batería de Botón SR626SW', 3.00, 6, 2, 40, 'img/bateria_boton.jpg'),

-- Movimientos y Mecanismos
(25, 9, 'Movimiento Automático Miyota 8215', 150.00, 7, 2, 10, 'img/miyota_8215.jpg'),
(26, 10, 'Movimiento de Cuarzo ETA 955.112', 100.00, 7, 1, 15, 'img/eta_955112.jpg'),

-- Cristales para Relojes
(27, 11, 'Cristal Mineral', 25.00, 8, 1, 30, 'img/cristal_mineral.jpg'),
(28, 12, 'Cristal de Zafiro', 60.00, 8, 2, 20, 'img/cristal_zafiro.jpg'),

-- Herramientas de Reparación
(29, 13, 'Abridor de Caja Profesional', 30.00, 9, 1, 15, 'img/abridor_caja.jpg'),
(30, 14, 'Prensa para Cristales', 40.00, 9, 2, 12, 'img/prensa_cristales.jpg');

--  ORDEN

INSERT INTO tab_Orden (id_orden, id_usuario, id_producto, fecha, estado, concepto, total) VALUES

(1, 5, 3, '2024-02-01', 'pendiente', 'Cliente comprando reloj de pulsera', 15000.00),
(2, 8, 14, '2024-02-02', 'completado', 'Venta finalizada de smartwatch',8500.00),
(3, 12, 7, '2024-02-03', 'en proceso', 'Compra de cristal para reloj', 450.00),
(4, 15, 5, '2024-02-04', 'pendiente', 'Reloj Vacheron Constantin en espera', 22000.00),
(5, 18, 21, '2024-02-05', 'cancelado', 'Cancelación de herramienta de reparación', 180.00),
(6, 22, 19, '2024-02-06', 'completado', 'Compra de batería', 990.00),
(7, 25, 9, '2024-02-07', 'en proceso', 'Reloj de bolsillo en reparación', 6000.00),
(8, 28, 2, '2024-02-08', 'pendiente', 'Compra de reloj de pared', 12000.00),
(9, 30, 17, '2024-02-09', 'completado', 'Compra de mecanismo de reloj', 500.00),
(10, 33, 6, '2024-02-10', 'pendiente', 'Pedido de correa premium', 9000.00),
(11, 2, 11, '2024-02-11', 'completado', 'Accesorio para smartwatch', 3000.00),
(12, 6, 12, '2024-02-12', 'pendiente', 'Compra de herramienta de reparación', 120.00),
(13, 9, 25, '2024-02-13', 'en proceso', 'Reloj suizo en ensamblaje', 7800.00),
(14, 14, 8, '2024-02-14', 'cancelado', 'Cancelación de cristal para reloj', 1600.00),
(15, 17, 13, '2024-02-15', 'pendiente', 'Pedido de batería premium', 5600.00),
(16, 20, 10, '2024-02-16', 'completado', 'Reloj de pulsera', 4200.00),
(17, 23, 28, '2024-02-17', 'pendiente', 'Pedido de correa de repuesto', 3400.00),
(18, 26, 18, '2024-02-18', 'en proceso', 'Reparación de movimiento de reloj', 670.00),
(19, 29, 4, '2024-02-19', 'pendiente', 'Pedido de reloj de lujo', 14500.00),
(20, 31, 16, '2024-02-20', 'completado', 'Batería para smartwatch', 1100.00), 
(21, 34, 23, '2024-02-21', 'pendiente', 'Reloj de edición especial', 8500.00),
(22, 35, 27, '2024-02-22', 'en proceso', 'Reparación de reloj mecánico', 12400.00),
(23, 10, 24, '2024-02-23', 'completado', 'Smartwatch deportivo', 7800.00),
(24, 7, 26, '2024-02-24', 'pendiente', 'Compra de correa personalizada', 6400.00),
(25, 4, 20, '2024-02-25', 'cancelado', 'Herramienta de ajuste cancelada', 300.00),
(26, 3, 1, '2024-02-26', 'pendiente', 'Pedido de reloj de alta gama', 18000.00),
(27, 11, 22, '2024-02-27', 'en proceso', 'Reparación de reloj suizo', 5600.00),
(28, 16, 9, '2024-02-28', 'completado', 'Reloj suizo vendido', 19500.00),
(29, 19, 5, '2024-02-29', 'pendiente', 'Pedido de reloj automático', 9700.00),
(30, 21, 18, '2024-03-01', 'en proceso', 'Reparación de mecanismo de reloj', 1200.00),
(31, 27, 15, '2024-03-02', 'pendiente', 'Batería de reemplazo', 1500.00), 
(32, 32, 2, '2024-03-03', 'completado', 'Reloj de pared vendido', 2500.00),
(33, 1, 7, '2024-03-04', 'pendiente', 'Pedido de cristal de repuesto', 5800.00),
(34, 13, 5, '2024-03-05', 'cancelado', 'Pedido cancelado de Vacheron Constantin', 22000.00),
(35, 24, 12, '2024-03-06', 'completado', 'Herramienta de reparación vendida', 1400.00);

--  ENVIOS

INSERT INTO tab_Envios (id_envio, id_orden, id_usuario, direccion_envio, metodo_envio, estado_envio, fecha_envio, fecha_entrega_estimada, costo_envio) VALUES 

(1, 1, 5, 'Calle 123, Bogotá, Colombia', 'DHL Express', 'en tránsito', '2024-02-02', '2024-02-05', 15.00),
(2, 2, 8, 'Av. Principal 456, Medellín, Colombia', 'FedEx Standard', 'entregado', '2024-02-03', '2024-02-07', 12.00),
(3, 3, 12, 'Carrera 78, Cali, Colombia', 'Servientrega Premium', 'pendiente', '2024-02-04', '2024-02-09', 8.50),
(4, 4, 15, 'Cll 10 Sur #22-45, Barranquilla, Colombia', 'UPS Express', 'en tránsito', '2024-02-05', '2024-02-08', 18.00),
(5, 5, 18, 'Calle 50, Cartagena, Colombia', 'Coordinadora Económico', 'cancelado', '2024-02-06', '2024-02-10', 10.00),
(6, 6, 22, 'Av. Circunvalar 34, Bucaramanga, Colombia', 'FedEx Express', 'pendiente', '2024-02-07', '2024-02-12', 14.50),
(7, 7, 25, 'Calle 99, Pereira, Colombia', 'DHL Standard', 'en tránsito', '2024-02-08', '2024-02-13', 17.00),
(8, 8, 28, 'Av. Bolívar 80, Manizales, Colombia', 'Servientrega Rápido', 'entregado', '2024-02-09', '2024-02-14', 9.50),
(9, 9, 30, 'Cll 45, Neiva, Colombia', 'UPS Estándar', 'pendiente', '2024-02-10', '2024-02-15', 11.00),
(10, 10, 33, 'Calle 67, Pasto, Colombia', 'Coordinadora Express', 'en tránsito', '2024-02-11', '2024-02-16', 16.50),
(11, 11, 2, 'Carrera 11, Montería, Colombia', 'DHL Premium', 'entregado', '2024-02-12', '2024-02-17', 13.00),
(12, 12, 6, 'Av. Siempre Viva 742, Cúcuta, Colombia', 'FedEx Económico', 'pendiente', '2024-02-13', '2024-02-18', 10.50),
(13, 13, 9, 'Cll 20, Villavicencio, Colombia', 'Servientrega Express', 'en tránsito', '2024-02-14', '2024-02-19', 12.50),
(14, 14, 14, 'Carrera 33, Santa Marta, Colombia', 'UPS Rápido', 'cancelado', '2024-02-15', '2024-02-20', 9.00),
(15, 15, 17, 'Calle 15, Popayán, Colombia', 'Coordinadora Estándar', 'pendiente', '2024-02-16', '2024-02-21', 14.00),
(16, 16, 20, 'Av. 5 de Julio, Valledupar, Colombia', 'DHL Express', 'entregado', '2024-02-17', '2024-02-22', 15.50),
(17, 17, 23, 'Carrera 72, Tunja, Colombia', 'FedEx Rápido', 'pendiente', '2024-02-18', '2024-02-23', 11.50),
(18, 18, 26, 'Cll 18A, Armenia, Colombia', 'Servientrega Económico', 'en tránsito', '2024-02-19', '2024-02-24', 10.00),
(19, 19, 29, 'Av. 9 Norte, Riohacha, Colombia', 'UPS Premium', 'pendiente', '2024-02-20', '2024-02-25', 13.50),
(20, 20, 31, 'Carrera 16, Leticia, Colombia', 'Coordinadora Rápido', 'en tránsito', '2024-02-21', '2024-02-26', 9.75);

--  COMENTARIOS

INSERT INTO tab_Comentarios (id_Comentario, id_producto, id_usuario, comentario, fecha) VALUES 

(1, 3, 5, 'Un reloj de pulsera elegante y sofisticado. Muy satisfecho con la compra.', '2022-06-15 10:15:00'),
(2, 14, 8, 'El smartwatch tiene una batería increíble, dura todo el día sin problemas.', '2023-08-21 12:30:00'),
(3, 7, 12, 'El cristal de repuesto encaja perfectamente. Muy recomendado.', '2021-11-30 14:45:00'),
(4, 5, 15, 'Increíble calidad, definitivamente vale cada centavo.', '2024-02-04 16:10:00'),
(5, 21, 18, 'Las herramientas de reparación son de muy buena calidad, excelente compra.', '2020-07-18 18:20:00'),
(6, 19, 22, 'Buena batería, funciona perfectamente con mi reloj.', '2023-05-10 20:00:00'),
(7, 9, 25, 'Me encantó este reloj de bolsillo, tiene un diseño clásico y elegante.', '2019-03-27 09:40:00'),
(8, 2, 28, 'El reloj de pared es más grande de lo que esperaba, pero se ve genial.', '2022-12-14 11:55:00'),
(9, 17, 30, 'Los mecanismos de reloj son de buena calidad, fáciles de instalar.', '2021-09-05 13:25:00'),
(10, 6, 33, 'Las correas son resistentes y cómodas, muy recomendadas.', '2023-01-22 15:00:00'),
(11, 11, 2, 'El accesorio para smartwatch es excelente, se ajusta perfectamente.', '2020-06-30 17:15:00'),
(12, 12, 6, 'Buena herramienta de reparación, aunque esperaba más accesorios.', '2024-03-12 19:30:00'),
(13, 25, 9, 'El reloj suizo tiene un diseño espectacular, súper elegante.', '2023-02-09 21:45:00'),
(14, 8, 14, 'Buen cristal, aunque la entrega tardó un poco.', '2018-07-04 10:05:00'),
(15, 13, 17, 'La batería dura mucho más de lo que imaginaba, excelente calidad.', '2021-05-15 12:20:00'),
(16, 10, 20, 'Es un reloj de pulsera simple pero confiable.', '2019-11-28 14:35:00'),
(17, 28, 23, 'La correa de repuesto es perfecta para mi reloj.', '2024-01-02 16:50:00'),
(18, 18, 26, 'El movimiento del reloj funciona bien, aunque tardó en llegar.', '2023-09-17 19:10:00'),
(19, 4, 29, 'El reloj de lujo es espectacular, atención al detalle impresionante.', '2020-04-23 21:25:00'),
(20, 16, 31, 'Buena batería para smartwatch, carga rápido y dura bastante.', '2021-10-14 10:45:00'),
(21, 23, 34, 'Me encantó el reloj de edición especial, es una joya.', '2022-03-11 12:55:00'),
(22, 27, 35, 'La reparación del reloj mecánico quedó excelente.', '2017-08-19 15:10:00'),
(23, 24, 10, 'Smartwatch deportivo con excelentes funcionalidades, muy satisfecho.', '2019-12-22 17:30:00'),
(24, 26, 7, 'Compré una correa personalizada y el diseño es perfecto.', '2022-05-29 19:45:00'),
(25, 20, 4, 'Herramienta de ajuste útil y resistente.', '2020-11-09 22:00:00'),
(26, 1, 3, 'Este reloj de alta gama es realmente impresionante, muy feliz con la compra.', '2021-07-18 09:15:00'),
(27, 22, 11, 'La reparación del reloj suizo quedó perfecta, excelente servicio.', '2018-06-05 11:30:00'),
(28, 9, 16, 'Gran reloj suizo, excelente calidad y precisión.', '2023-01-30 13:45:00'),
(29, 5, 19, 'El reloj automático es una maravilla, no necesita pila.', '2020-02-14 16:00:00'),
(30, 18, 21, 'Reparación de mecanismo perfecta, mi reloj funciona como nuevo.', '2022-09-25 18:20:00'),
(31, 15, 27, 'Buena batería de reemplazo, me ha funcionado excelente.', '2019-03-18 20:35:00'),
(32, 2, 32, 'El reloj de pared tiene un diseño increíble, muy recomendado.', '2024-02-07 22:50:00'),
(33, 7, 1, 'Cristal de repuesto de muy buena calidad.', '2018-10-03 09:10:00'),
(34, 5, 13, 'El Vacheron Constantin es un reloj impresionante, vale cada centavo.', '2023-06-21 11:25:00'),
(35, 12, 24, 'Herramienta de reparación muy útil, justo lo que necesitaba.', '2022-01-09 13:40:00');


-- INVENTARIO

INSERT INTO tab_Inventario (id_inventario, id_producto, id_proveedor, cantidad_disponible, stock_min, fecha_ingreso) VALUES

(1, 1, 3, 50, 10, '2022-03-15 09:42:00'),
(2, 2, 5, 30, 10, '2021-07-08 14:15:00'),
(3, 3, 2, 25, 10, '2023-01-20 10:58:00'),
(4, 4, 7, 40, 10, '2020-10-02 13:25:00'),
(5, 5, 4, 20, 10, '2022-12-25 16:40:00'),
(6, 6, 1, 35, 10, '2023-08-14 08:10:00'),
(7, 7, 6, 15, 10, '2021-05-23 11:50:00'),
(8, 8, 3, 50, 10, '2020-09-11 07:30:00'),
(9, 9, 2, 28, 10, '2024-02-26 09:45:00'),
(10, 10, 5, 40, 10, '2023-04-14 18:30:00'),
(11, 11, 4, 33, 10, '2021-06-30 19:05:00'),
(12, 12, 1, 22, 10, '2022-11-17 06:55:00'),
(13, 13, 7, 18, 10, '2020-08-05 12:35:00'),
(14, 14, 6, 44, 10, '2023-07-27 17:20:00'),
(15, 15, 3, 29, 10, '2021-09-10 14:50:00'),
(16, 16, 2, 50, 10, '2020-02-22 11:15:00'),
(17, 17, 5, 38, 10, '2023-05-09 09:30:00'),
(18, 18, 4, 21, 10, '2024-01-28 15:25:00'),
(19, 19, 1, 45, 10, '2022-03-04 07:55:00'),
(20, 20, 7, 50, 10, '2020-12-19 13:45:00'),
(21, 21, 6, 39, 10, '2023-10-05 10:20:00'),
(22, 22, 3, 27, 10, '2021-04-17 08:10:00'),
(23, 23, 2, 36, 10, '2020-06-22 14:05:00'),
(24, 24, 5, 19, 10, '2024-02-07 17:50:00'),
(25, 25, 4, 48, 10, '2023-09-30 07:30:00'),
(26, 26, 1, 30, 10, '2021-12-15 12:15:00'),
(27, 27, 7, 20, 10, '2020-03-09 16:40:00'),
(28, 28, 6, 42, 10, '2024-01-12 09:55:00');

--  PAGOS

INSERT INTO tab_Pagos (id_pago, id_orden, monto, metodo_pago, estado_pago, fecha_pago) VALUES

(1, 1, 15000.00, 'tarjeta de crédito', 'completado', '2024-02-01 14:30:00'),
(2, 2, 8500.00, 'paypal', 'completado', '2024-02-02 10:15:00'),
(3, 3, 450.00, 'transferencia bancaria', 'pendiente', '2024-02-03 18:45:00'),
(4, 4, 22000.00, 'efectivo', 'fallido', '2024-02-04 09:00:00'),
(5, 5, 180.00, 'tarjeta de débito', 'reembolsado', '2024-02-05 16:20:00'),
(6, 6, 990.00, 'paypal', 'completado', '2024-02-06 12:10:00'),
(7, 7, 6000.00, 'tarjeta de crédito', 'pendiente', '2024-02-07 17:50:00'),
(8, 8, 12000.00, 'transferencia bancaria', 'fallido', '2024-02-08 08:35:00'),
(9, 9, 500.00, 'efectivo', 'completado', '2024-02-09 14:05:00'),
(10, 10, 9000.00, 'tarjeta de débito', 'pendiente', '2024-02-10 11:40:00'),
(11, 11, 3000.00, 'paypal', 'completado', '2024-02-11 15:25:00'),
(12, 12, 120.00, 'transferencia bancaria', 'pendiente', '2024-02-12 19:55:00'),
(13, 13, 7800.00, 'tarjeta de crédito', 'fallido', '2024-02-13 07:15:00'),
(14, 14, 1600.00, 'efectivo', 'reembolsado', '2024-02-14 20:30:00'),
(15, 15, 5600.00, 'transferencia bancaria', 'pendiente', '2024-02-15 13:20:00'),
(16, 16, 4200.00, 'tarjeta de débito', 'completado', '2024-02-16 10:50:00'),
(17, 17, 3400.00, 'paypal', 'pendiente', '2024-02-17 18:10:00'),
(18, 18, 670.00, 'tarjeta de crédito', 'fallido', '2024-02-18 09:45:00'),
(19, 19, 14500.00, 'efectivo', 'pendiente', '2024-02-19 16:55:00'),
(20, 20, 1100.00, 'transferencia bancaria', 'completado', '2024-02-20 11:00:00');
